{"cameraMode":{"drawMode":0,"name":"Shaded","section":"Shading Mode"},"sceneLighting":false,"audioPlay":false,"sceneViewState":{"showFog":true,"showMaterialUpdate":false,"showSkybox":true,"showFlares":true,"showImageEffects":true,"showParticleSystems":true},"in2DMode":false,"pivot":{"x":17.540184020996095,"y":4.486514091491699,"z":-3.0017426013946535},"rotation":{"x":-0.294681578874588,"y":0.26947128772735598,"z":-0.08700620383024216,"w":-0.9126768708229065},"size":26.533184051513673,"orthographic":false}